timestamp,subsystem,event,value,context
1000,POWER,MOTOR_CMD_START,1.0,STANDBY
1001,POWER,INSTRUMENT_PWR_ON,1,DRIVE
1002,MOBILITY,WHEEL_RPM,65.2,DRIVE
1003,MOBILITY,WHEEL_RPM,51.04,DRIVE
1004,POWER,CURRENT_DRAW,3.87,DRIVE
1005,POWER,MOTOR_CMD_STOP,1.0,DRIVE
1006,POWER,CURRENT_DRAW,0.42,STANDBY
1007,POWER,MOTOR_CMD_START,1.0,STANDBY
1008,MOBILITY,WHEEL_RPM,62.76,DRIVE
1009,THERMAL,TEMP_MOTOR,55.1,DRIVE
1010,POWER,CURRENT_DRAW,3.5,DRIVE
1011,MOBILITY,WHEEL_RPM,68.06,DRIVE
1012,POWER,MOTOR_CMD_STOP,1.0,DRIVE
1013,THERMAL,TEMP_INSTRUMENT,15.23,STANDBY
1014,POWER,CURRENT_DRAW,0.45,STANDBY
1015,THERMAL,TEMP_MOTOR,24.96,STANDBY
1016,POWER,INSTRUMENT_PWR_ON,1.0,STANDBY
1017,POWER,INSTRUMENT_PWR_ON,1.0,SCIENCE
1018,POWER,INSTRUMENT_PWR_ON,1.0,SCIENCE
1019,POWER,INSTRUMENT_PWR_OFF,1.0,SCIENCE
1020,POWER,CURRENT_DRAW,0.45,STANDBY
1021,THERMAL,TEMP_MOTOR,24.86,STANDBY
1022,POWER,CURRENT_DRAW,0.57,STANDBY
1023,THERMAL,TEMP_INSTRUMENT,15.97,STANDBY
1024,THERMAL,TEMP_MOTOR,25.14,STANDBY
1025,POWER,CURRENT_DRAW,0.49,STANDBY
1026,THERMAL,TEMP_MOTOR,25.78,STANDBY
1027,POWER,INSTRUMENT_PWR_ON,1.0,STANDBY
1028,POWER,INSTRUMENT_PWR_OFF,1.0,SCIENCE
1029,POWER,CURRENT_DRAW,0.54,STANDBY
1030,THERMAL,TEMP_MOTOR,26.56,STANDBY
1031,POWER,MOTOR_CMD_START,1.0,STANDBY
1032,POWER,MOTOR_CMD_STOP,1.0,DRIVE
1033,THERMAL,TEMP_INSTRUMENT,24.09,STANDBY
1034,THERMAL,TEMP_MOTOR,22.46,STANDBY
1035,POWER,INSTRUMENT_PWR_ON,1.0,STANDBY
1036,POWER,INSTRUMENT_PWR_OFF,1.0,SCIENCE
1037,POWER,CURRENT_DRAW,0.5,STANDBY
1038,THERMAL,TEMP_MOTOR,21.5,STANDBY
1039,THERMAL,TEMP_INSTRUMENT,22.79,STANDBY
1040,POWER,CURRENT_DRAW,0.45,STANDBY
1041,POWER,CURRENT_DRAW,0.51,STANDBY
1042,POWER,MOTOR_CMD_START,1.0,STANDBY
1043,MOBILITY,WHEEL_RPM,63.82,DRIVE
1044,POWER,MOTOR_CMD_STOP,1.0,DRIVE
1045,POWER,CURRENT_DRAW,0.6,STANDBY
1046,POWER,INSTRUMENT_PWR_ON,1.0,STANDBY
1047,POWER,INSTRUMENT_PWR_ON,1.0,SCIENCE
1048,POWER,INSTRUMENT_PWR_OFF,1.0,SCIENCE
1049,THERMAL,TEMP_INSTRUMENT,19.44,STANDBY
1050,POWER,INSTRUMENT_PWR_ON,1.0,STANDBY
1051,POWER,INSTRUMENT_PWR_ON,1.0,SCIENCE
1052,POWER,INSTRUMENT_PWR_OFF,1.0,SCIENCE
1053,THERMAL,TEMP_INSTRUMENT,16.45,STANDBY
1054,THERMAL,TEMP_INSTRUMENT,15.47,STANDBY
1055,POWER,MOTOR_CMD_START,1.0,STANDBY
1056,POWER,INSTRUMENT_PWR_ON,1,DRIVE
1057,THERMAL,TEMP_MOTOR,49.51,DRIVE
1058,POWER,MOTOR_CMD_START,1.0,DRIVE
1059,THERMAL,TEMP_MOTOR,52.8,DRIVE
1060,MOBILITY,WHEEL_RPM,55.52,DRIVE
1061,POWER,MOTOR_CMD_START,1.0,DRIVE
1062,POWER,CURRENT_DRAW,3.58,DRIVE
1063,POWER,MOTOR_CMD_STOP,1.0,DRIVE
1064,THERMAL,TEMP_MOTOR,27.95,STANDBY
1065,THERMAL,TEMP_MOTOR,23.38,STANDBY
1066,POWER,INSTRUMENT_PWR_ON,1.0,STANDBY
1067,POWER,INSTRUMENT_PWR_ON,1.0,SCIENCE
1068,POWER,INSTRUMENT_PWR_OFF,1.0,SCIENCE
1069,THERMAL,TEMP_INSTRUMENT,19.58,STANDBY
1070,POWER,INSTRUMENT_PWR_ON,1.0,STANDBY
1071,THERMAL,TEMP_INSTRUMENT,22.39,SCIENCE
1072,THERMAL,TEMP_INSTRUMENT,28.62,SCIENCE
1073,POWER,CURRENT_DRAW,1.27,SCIENCE
1074,SCIENCE,SPECTROMETER_READ,154.14,SCIENCE
1075,POWER,INSTRUMENT_PWR_OFF,1.0,SCIENCE
1076,THERMAL,TEMP_MOTOR,22.9,STANDBY
1077,POWER,MOTOR_CMD_START,1.0,STANDBY
1078,POWER,CURRENT_DRAW,3.8,DRIVE
1079,POWER,MOTOR_CMD_STOP,1.0,DRIVE
1080,POWER,MOTOR_CMD_START,1.0,STANDBY
1081,MOBILITY,WHEEL_RPM,68.54,DRIVE
1082,POWER,CURRENT_DRAW,3.48,DRIVE
1083,THERMAL,TEMP_MOTOR,50.29,DRIVE
1084,MOBILITY,WHEEL_RPM,56.83,DRIVE
1085,POWER,MOTOR_CMD_START,1.0,DRIVE
1086,THERMAL,TEMP_MOTOR,42.36,DRIVE
1087,MOBILITY,WHEEL_RPM,51.92,DRIVE
1088,THERMAL,TEMP_MOTOR,48.23,DRIVE
1089,POWER,CURRENT_DRAW,3.91,DRIVE
1090,MOBILITY,WHEEL_RPM,63.5,DRIVE
1091,MOBILITY,WHEEL_RPM,53.78,DRIVE
1092,POWER,MOTOR_CMD_START,1.0,DRIVE
1093,THERMAL,TEMP_MOTOR,49.32,DRIVE
1094,THERMAL,TEMP_MOTOR,46.67,DRIVE
1095,POWER,CURRENT_DRAW,3.06,DRIVE
1096,POWER,MOTOR_CMD_START,1.0,DRIVE
1097,MOBILITY,WHEEL_RPM,59.05,DRIVE
1098,MOBILITY,WHEEL_RPM,60.64,DRIVE
1099,THERMAL,TEMP_MOTOR,46.82,DRIVE
1100,MOBILITY,WHEEL_RPM,60.19,DRIVE
1101,MOBILITY,WHEEL_RPM,60,SCIENCE
1102,POWER,INSTRUMENT_PWR_ON,1.0,SCIENCE
1103,POWER,INSTRUMENT_PWR_ON,1.0,SCIENCE
1104,SCIENCE,SPECTROMETER_READ,142.71,SCIENCE
1105,POWER,INSTRUMENT_PWR_ON,1.0,SCIENCE
1106,POWER,INSTRUMENT_PWR_OFF,1.0,SCIENCE
1107,POWER,CURRENT_DRAW,0.44,STANDBY
1108,THERMAL,TEMP_INSTRUMENT,24.46,STANDBY
1109,POWER,INSTRUMENT_PWR_ON,1.0,STANDBY
1110,POWER,CURRENT_DRAW,1.3,SCIENCE
1111,POWER,INSTRUMENT_PWR_OFF,1.0,SCIENCE
1112,THERMAL,TEMP_MOTOR,27.29,STANDBY
1113,POWER,CURRENT_DRAW,0.59,STANDBY
1114,THERMAL,TEMP_INSTRUMENT,15.06,STANDBY
1115,THERMAL,TEMP_INSTRUMENT,20.08,STANDBY
1116,POWER,MOTOR_CMD_START,1.0,STANDBY
1117,POWER,CURRENT_DRAW,2.69,DRIVE
1118,POWER,MOTOR_CMD_START,1.0,DRIVE
1119,THERMAL,TEMP_MOTOR,43.79,DRIVE
1120,POWER,MOTOR_CMD_START,1.0,DRIVE
1121,POWER,MOTOR_CMD_START,1.0,DRIVE
1122,POWER,MOTOR_CMD_START,1.0,DRIVE
1123,POWER,MOTOR_CMD_START,1.0,DRIVE
1124,POWER,MOTOR_CMD_START,1.0,DRIVE
1125,POWER,CURRENT_DRAW,3.5,STANDBY
1126,POWER,INSTRUMENT_PWR_ON,1.0,STANDBY
1127,POWER,INSTRUMENT_PWR_OFF,1.0,SCIENCE
1128,THERMAL,TEMP_INSTRUMENT,15.33,STANDBY
1129,POWER,INSTRUMENT_PWR_ON,1.0,STANDBY
1130,POWER,INSTRUMENT_PWR_ON,1.0,SCIENCE
1131,SCIENCE,SPECTROMETER_READ,134.82,SCIENCE
1132,THERMAL,TEMP_INSTRUMENT,23.89,SCIENCE
1133,SCIENCE,SPECTROMETER_READ,132.55,SCIENCE
1134,POWER,CURRENT_DRAW,1.37,SCIENCE
1135,POWER,CURRENT_DRAW,1.22,SCIENCE
1136,POWER,CURRENT_DRAW,1.06,SCIENCE
1137,THERMAL,TEMP_INSTRUMENT,24.71,SCIENCE
1138,POWER,INSTRUMENT_PWR_ON,1.0,SCIENCE
1139,THERMAL,TEMP_INSTRUMENT,23.38,SCIENCE
1140,POWER,INSTRUMENT_PWR_ON,1.0,SCIENCE
1141,SCIENCE,SPECTROMETER_READ,109.12,SCIENCE
1142,POWER,CURRENT_DRAW,3.5,STANDBY
1143,POWER,CURRENT_DRAW,0.56,STANDBY
1144,POWER,CURRENT_DRAW,0.45,STANDBY
1145,THERMAL,TEMP_INSTRUMENT,18.12,STANDBY
1146,POWER,MOTOR_CMD_START,1.0,STANDBY
1147,POWER,CURRENT_DRAW,3.47,DRIVE
1148,THERMAL,TEMP_MOTOR,59.62,DRIVE
1149,MOBILITY,WHEEL_RPM,65.32,DRIVE
1150,POWER,MOTOR_CMD_STOP,1.0,DRIVE
1151,THERMAL,TEMP_INSTRUMENT,17.7,STANDBY
1152,THERMAL,TEMP_MOTOR,22.89,STANDBY
1153,THERMAL,TEMP_INSTRUMENT,21.32,STANDBY
1154,POWER,MOTOR_CMD_START,1.0,STANDBY
1155,MOBILITY,WHEEL_RPM,67.63,DRIVE
1156,MOBILITY,WHEEL_RPM,60.02,DRIVE
1157,POWER,CURRENT_DRAW,3.45,DRIVE
1158,POWER,CURRENT_DRAW,3.99,DRIVE
1159,POWER,CURRENT_DRAW,2.62,DRIVE
1160,POWER,CURRENT_DRAW,3.0,DRIVE
1161,POWER,CURRENT_DRAW,3.91,DRIVE
1162,POWER,CURRENT_DRAW,3.03,DRIVE
1163,POWER,CURRENT_DRAW,3.84,DRIVE
1164,POWER,MOTOR_CMD_STOP,1.0,DRIVE
1165,POWER,MOTOR_CMD_START,1.0,STANDBY
1166,THERMAL,TEMP_MOTOR,45.27,DRIVE
1167,POWER,CURRENT_DRAW,3.54,DRIVE
1168,POWER,MOTOR_CMD_START,1.0,DRIVE
1169,MOBILITY,WHEEL_RPM,58.79,DRIVE
1170,MOBILITY,WHEEL_RPM,57.25,DRIVE
1171,THERMAL,TEMP_MOTOR,54.67,DRIVE
1172,THERMAL,TEMP_MOTOR,49.64,DRIVE
1173,THERMAL,TEMP_MOTOR,59.41,DRIVE
1174,POWER,MOTOR_CMD_START,1.0,DRIVE
1175,THERMAL,TEMP_MOTOR,40.99,DRIVE
1176,POWER,MOTOR_CMD_STOP,1.0,DRIVE
1177,POWER,INSTRUMENT_PWR_ON,1.0,STANDBY
1178,THERMAL,TEMP_INSTRUMENT,23.73,SCIENCE
1179,POWER,CURRENT_DRAW,1.49,SCIENCE
1180,SCIENCE,SPECTROMETER_READ,182.91,SCIENCE
1181,POWER,INSTRUMENT_PWR_ON,1.0,SCIENCE
1182,THERMAL,TEMP_INSTRUMENT,22.1,SCIENCE
1183,POWER,CURRENT_DRAW,1.07,SCIENCE
1184,POWER,CURRENT_DRAW,1.19,SCIENCE
1185,SCIENCE,SPECTROMETER_READ,147.07,SCIENCE
1186,SCIENCE,SPECTROMETER_READ,119.38,SCIENCE
1187,POWER,CURRENT_DRAW,1.38,SCIENCE
1188,POWER,INSTRUMENT_PWR_ON,1.0,SCIENCE
1189,POWER,INSTRUMENT_PWR_OFF,1.0,SCIENCE
1190,THERMAL,TEMP_MOTOR,25.03,STANDBY
1191,POWER,CURRENT_DRAW,0.44,STANDBY
1192,POWER,INSTRUMENT_PWR_ON,1.0,STANDBY
1193,POWER,CURRENT_DRAW,1.15,SCIENCE
1194,POWER,INSTRUMENT_PWR_ON,1.0,SCIENCE
1195,POWER,CURRENT_DRAW,1.18,SCIENCE
1196,POWER,INSTRUMENT_PWR_OFF,1.0,SCIENCE
1197,POWER,CURRENT_DRAW,0.44,STANDBY
1198,THERMAL,TEMP_INSTRUMENT,21.14,STANDBY
1199,POWER,INSTRUMENT_PWR_ON,1.0,STANDBY
1200,SCIENCE,SPECTROMETER_READ,148.4,SCIENCE
1201,THERMAL,TEMP_INSTRUMENT,25.04,SCIENCE
1202,THERMAL,TEMP_INSTRUMENT,28.09,SCIENCE
1203,POWER,CURRENT_DRAW,1.04,SCIENCE
1204,POWER,CURRENT_DRAW,1.45,SCIENCE
1205,POWER,INSTRUMENT_PWR_ON,1.0,SCIENCE
1206,POWER,INSTRUMENT_PWR_OFF,1.0,SCIENCE
1207,POWER,INSTRUMENT_PWR_ON,1.0,STANDBY
1208,POWER,CURRENT_DRAW,1.35,SCIENCE
1209,POWER,CURRENT_DRAW,1.22,SCIENCE
1210,SCIENCE,SPECTROMETER_READ,180.0,SCIENCE
1211,SCIENCE,SPECTROMETER_READ,175.47,SCIENCE
1212,POWER,CURRENT_DRAW,1.04,SCIENCE
1213,SCIENCE,SPECTROMETER_READ,194.02,SCIENCE
1214,SCIENCE,SPECTROMETER_READ,155.65,SCIENCE
1215,POWER,INSTRUMENT_PWR_ON,1.0,SCIENCE
1216,SCIENCE,SPECTROMETER_READ,159.27,SCIENCE
1217,SCIENCE,SPECTROMETER_READ,121.68,SCIENCE
1218,THERMAL,TEMP_INSTRUMENT,22.67,SCIENCE
1219,POWER,CURRENT_DRAW,1.02,SCIENCE
1220,THERMAL,TEMP_INSTRUMENT,20.17,SCIENCE
1221,THERMAL,TEMP_INSTRUMENT,28.77,SCIENCE
1222,POWER,INSTRUMENT_PWR_OFF,1.0,SCIENCE
1223,POWER,CURRENT_DRAW,0.41,STANDBY
1224,POWER,MOTOR_CMD_START,1.0,STANDBY
1225,POWER,CURRENT_DRAW,3.5,STANDBY
1226,POWER,CURRENT_DRAW,0.58,STANDBY
1227,THERMAL,TEMP_INSTRUMENT,20.93,STANDBY
1228,THERMAL,TEMP_INSTRUMENT,24.16,STANDBY
1229,POWER,INSTRUMENT_PWR_ON,1,DRIVE
1230,THERMAL,TEMP_MOTOR,42.48,DRIVE
1231,THERMAL,TEMP_MOTOR,75,STANDBY
1232,THERMAL,TEMP_MOTOR,28.54,STANDBY
1233,THERMAL,TEMP_MOTOR,28.41,STANDBY
1234,POWER,CURRENT_DRAW,0.51,STANDBY
1235,POWER,INSTRUMENT_PWR_ON,1.0,STANDBY
1236,POWER,INSTRUMENT_PWR_OFF,1.0,SCIENCE
1237,THERMAL,TEMP_INSTRUMENT,18.88,STANDBY
1238,THERMAL,TEMP_MOTOR,20.08,STANDBY
1239,POWER,INSTRUMENT_PWR_ON,1.0,STANDBY
1240,POWER,CURRENT_DRAW,1.41,SCIENCE
1241,THERMAL,TEMP_INSTRUMENT,23.72,SCIENCE
1242,POWER,INSTRUMENT_PWR_ON,1.0,SCIENCE
1243,POWER,INSTRUMENT_PWR_ON,1.0,SCIENCE
1244,POWER,INSTRUMENT_PWR_OFF,1.0,SCIENCE
1245,POWER,MOTOR_CMD_START,1.0,STANDBY
1246,MOBILITY,WHEEL_RPM,61.2,DRIVE
1247,POWER,MOTOR_CMD_STOP,1.0,DRIVE
1248,THERMAL,TEMP_INSTRUMENT,20.79,STANDBY
1249,POWER,MOTOR_CMD_START,1.0,STANDBY
1250,MOBILITY,WHEEL_RPM,62.31,DRIVE
1251,POWER,MOTOR_CMD_STOP,1.0,DRIVE
1252,POWER,MOTOR_CMD_START,1.0,STANDBY
1253,POWER,CURRENT_DRAW,2.75,DRIVE
1254,POWER,MOTOR_CMD_STOP,1.0,DRIVE
1255,THERMAL,TEMP_INSTRUMENT,15.73,STANDBY
1256,POWER,INSTRUMENT_PWR_ON,1.0,STANDBY
1257,POWER,INSTRUMENT_PWR_ON,1.0,SCIENCE
1258,POWER,INSTRUMENT_PWR_ON,1.0,SCIENCE
1259,POWER,CURRENT_DRAW,1.03,SCIENCE
1260,THERMAL,TEMP_INSTRUMENT,27.32,SCIENCE
1261,POWER,INSTRUMENT_PWR_OFF,1.0,SCIENCE
1262,THERMAL,TEMP_INSTRUMENT,16.49,STANDBY
1263,THERMAL,TEMP_MOTOR,26.0,STANDBY
1264,THERMAL,TEMP_MOTOR,27.8,STANDBY
1265,POWER,MOTOR_CMD_START,1.0,STANDBY
1266,MOBILITY,WHEEL_RPM,66.9,DRIVE
1267,POWER,MOTOR_CMD_STOP,1.0,DRIVE
1268,POWER,CURRENT_DRAW,3.5,STANDBY
1269,POWER,CURRENT_DRAW,0.44,STANDBY
1270,POWER,MOTOR_CMD_START,1.0,STANDBY
1271,MOBILITY,WHEEL_RPM,68.55,DRIVE
1272,MOBILITY,WHEEL_RPM,53.85,DRIVE
1273,POWER,MOTOR_CMD_START,1.0,DRIVE
1274,POWER,MOTOR_CMD_STOP,1.0,DRIVE
1275,POWER,CURRENT_DRAW,0.52,STANDBY
1276,POWER,INSTRUMENT_PWR_ON,1.0,STANDBY
1277,POWER,CURRENT_DRAW,1.49,SCIENCE
1278,POWER,INSTRUMENT_PWR_ON,1.0,SCIENCE
1279,SCIENCE,SPECTROMETER_READ,135.46,SCIENCE
1280,THERMAL,TEMP_INSTRUMENT,22.76,SCIENCE
1281,POWER,INSTRUMENT_PWR_OFF,1.0,SCIENCE
1282,THERMAL,TEMP_MOTOR,28.41,STANDBY
1283,POWER,INSTRUMENT_PWR_ON,1.0,STANDBY
1284,POWER,INSTRUMENT_PWR_ON,1.0,SCIENCE
1285,POWER,INSTRUMENT_PWR_ON,1.0,SCIENCE
1286,POWER,INSTRUMENT_PWR_OFF,1.0,SCIENCE
1287,POWER,INSTRUMENT_PWR_ON,1.0,STANDBY
1288,POWER,INSTRUMENT_PWR_OFF,1.0,SCIENCE
1289,POWER,INSTRUMENT_PWR_ON,1.0,STANDBY
1290,THERMAL,TEMP_MOTOR,75,STANDBY
1291,THERMAL,TEMP_INSTRUMENT,15.95,STANDBY
1292,POWER,MOTOR_CMD_START,1.0,STANDBY
1293,MOBILITY,WHEEL_RPM,54.52,DRIVE
1294,POWER,MOTOR_CMD_STOP,1.0,DRIVE
1295,THERMAL,TEMP_MOTOR,26.74,STANDBY
1296,THERMAL,TEMP_MOTOR,22.0,STANDBY
1297,THERMAL,TEMP_MOTOR,20.8,STANDBY
1298,POWER,INSTRUMENT_PWR_ON,1.0,STANDBY
1299,THERMAL,TEMP_INSTRUMENT,22.44,SCIENCE
1300,SCIENCE,SPECTROMETER_READ,102.15,SCIENCE
1301,POWER,CURRENT_DRAW,1.28,SCIENCE
1302,POWER,CURRENT_DRAW,1.45,SCIENCE
1303,THERMAL,TEMP_INSTRUMENT,27.93,SCIENCE
1304,POWER,CURRENT_DRAW,1.37,SCIENCE
1305,SCIENCE,SPECTROMETER_READ,112.26,SCIENCE
1306,POWER,CURRENT_DRAW,1.12,SCIENCE
1307,POWER,INSTRUMENT_PWR_ON,1.0,SCIENCE
1308,POWER,INSTRUMENT_PWR_OFF,1.0,SCIENCE
1309,POWER,INSTRUMENT_PWR_ON,1,DRIVE
1310,THERMAL,TEMP_MOTOR,58.77,DRIVE
1311,MOBILITY,WHEEL_RPM,51.98,DRIVE
1312,MOBILITY,WHEEL_RPM,57.43,DRIVE
1313,MOBILITY,WHEEL_RPM,62.28,DRIVE
1314,POWER,MOTOR_CMD_STOP,1.0,DRIVE
1315,POWER,VOLTAGE_SPIKE,12.1,STANDBY
1316,POWER,MOTOR_CMD_START,1.0,STANDBY
1317,MOBILITY,WHEEL_RPM,60.35,DRIVE
1318,POWER,MOTOR_CMD_START,1.0,DRIVE
1319,MOBILITY,WHEEL_RPM,62.38,DRIVE
1320,POWER,CURRENT_DRAW,3.06,DRIVE
1321,MOBILITY,WHEEL_RPM,63.99,DRIVE
1322,MOBILITY,WHEEL_RPM,65.51,DRIVE
1323,POWER,MOTOR_CMD_STOP,1.0,DRIVE
1324,POWER,INSTRUMENT_PWR_ON,1.0,STANDBY
1325,SCIENCE,SPECTROMETER_READ,170.47,SCIENCE
1326,POWER,CURRENT_DRAW,1.38,SCIENCE
1327,SCIENCE,SPECTROMETER_READ,156.26,SCIENCE
1328,POWER,INSTRUMENT_PWR_ON,1.0,SCIENCE
1329,POWER,INSTRUMENT_PWR_OFF,1.0,SCIENCE
1330,POWER,INSTRUMENT_PWR_ON,1.0,STANDBY
1331,POWER,INSTRUMENT_PWR_ON,1.0,SCIENCE
1332,POWER,INSTRUMENT_PWR_OFF,1.0,SCIENCE
1333,POWER,INSTRUMENT_PWR_ON,1.0,STANDBY
1334,POWER,INSTRUMENT_PWR_ON,1.0,SCIENCE
1335,POWER,INSTRUMENT_PWR_OFF,1.0,SCIENCE
1336,POWER,CURRENT_DRAW,0.59,STANDBY
1337,THERMAL,TEMP_INSTRUMENT,23.67,STANDBY
1338,POWER,MOTOR_CMD_START,1.0,STANDBY
1339,POWER,CURRENT_DRAW,2.66,DRIVE
1340,POWER,MOTOR_CMD_STOP,1.0,DRIVE
1341,POWER,CURRENT_DRAW,0.57,STANDBY
1342,POWER,MOTOR_CMD_START,1.0,STANDBY
1343,POWER,MOTOR_CMD_START,1.0,DRIVE
1344,POWER,MOTOR_CMD_STOP,1.0,DRIVE
1345,POWER,CURRENT_DRAW,0.55,STANDBY
1346,THERMAL,TEMP_MOTOR,28.52,STANDBY
1347,THERMAL,TEMP_INSTRUMENT,22.21,STANDBY
1348,POWER,INSTRUMENT_PWR_ON,1.0,STANDBY
1349,POWER,INSTRUMENT_PWR_OFF,1.0,SCIENCE
1350,POWER,INSTRUMENT_PWR_ON,1.0,STANDBY
1351,POWER,INSTRUMENT_PWR_OFF,1.0,SCIENCE
1352,THERMAL,TEMP_INSTRUMENT,22.03,STANDBY
1353,THERMAL,TEMP_MOTOR,23.18,STANDBY
1354,THERMAL,TEMP_MOTOR,26.54,STANDBY
1355,POWER,MOTOR_CMD_START,1.0,STANDBY
1356,POWER,MOTOR_CMD_STOP,1.0,DRIVE
1357,THERMAL,TEMP_MOTOR,22.07,STANDBY
1358,POWER,CURRENT_DRAW,0.58,STANDBY
1359,THERMAL,TEMP_INSTRUMENT,16.34,STANDBY
1360,POWER,INSTRUMENT_PWR_ON,1.0,STANDBY
1361,THERMAL,TEMP_INSTRUMENT,25.26,SCIENCE
1362,POWER,CURRENT_DRAW,1.3,SCIENCE
1363,POWER,VOLTAGE_SPIKE,12.1,STANDBY
1364,POWER,INSTRUMENT_PWR_ON,1.0,STANDBY
1365,POWER,CURRENT_DRAW,1.21,SCIENCE
1366,POWER,INSTRUMENT_PWR_ON,1.0,SCIENCE
1367,POWER,INSTRUMENT_PWR_ON,1.0,SCIENCE
1368,THERMAL,TEMP_INSTRUMENT,20.69,SCIENCE
1369,POWER,INSTRUMENT_PWR_ON,1.0,SCIENCE
1370,THERMAL,TEMP_INSTRUMENT,24.08,SCIENCE
1371,POWER,INSTRUMENT_PWR_OFF,1.0,SCIENCE
1372,POWER,MOTOR_CMD_START,1.0,STANDBY
1373,THERMAL,TEMP_MOTOR,45.74,DRIVE
1374,POWER,CURRENT_DRAW,2.53,DRIVE
1375,POWER,MOTOR_CMD_STOP,1.0,DRIVE
1376,THERMAL,TEMP_INSTRUMENT,20.67,STANDBY
1377,THERMAL,TEMP_INSTRUMENT,18.39,STANDBY
1378,POWER,MOTOR_CMD_START,1.0,STANDBY
1379,THERMAL,TEMP_MOTOR,46.53,DRIVE
1380,POWER,CURRENT_DRAW,2.79,DRIVE
1381,MOBILITY,WHEEL_RPM,68.13,DRIVE
1382,POWER,CURRENT_DRAW,3.09,DRIVE
1383,THERMAL,TEMP_MOTOR,54.24,DRIVE
1384,POWER,MOTOR_CMD_START,1.0,DRIVE
1385,POWER,MOTOR_CMD_STOP,1.0,DRIVE
1386,POWER,CURRENT_DRAW,0.53,STANDBY
1387,POWER,MOTOR_CMD_START,1.0,STANDBY
1388,POWER,MOTOR_CMD_STOP,1.0,DRIVE
1389,THERMAL,TEMP_INSTRUMENT,23.77,STANDBY
1390,THERMAL,TEMP_MOTOR,24.0,STANDBY
1391,POWER,MOTOR_CMD_START,1.0,STANDBY
1392,MOBILITY,WHEEL_RPM,67.5,DRIVE
1393,POWER,CURRENT_DRAW,3.78,DRIVE
1394,POWER,CURRENT_DRAW,2.83,DRIVE
1395,MOBILITY,WHEEL_RPM,66.04,DRIVE
1396,POWER,MOTOR_CMD_STOP,1.0,DRIVE
1397,POWER,CURRENT_DRAW,0.57,STANDBY
1398,THERMAL,TEMP_MOTOR,29.32,STANDBY
1399,THERMAL,TEMP_MOTOR,23.0,STANDBY
1400,THERMAL,TEMP_MOTOR,28.73,STANDBY
1401,POWER,CURRENT_DRAW,0.45,STANDBY
1402,POWER,CURRENT_DRAW,0.43,STANDBY
1403,POWER,MOTOR_CMD_START,1.0,STANDBY
1404,MOBILITY,WHEEL_RPM,51.79,DRIVE
1405,POWER,MOTOR_CMD_START,1.0,DRIVE
1406,THERMAL,TEMP_MOTOR,46.32,DRIVE
1407,POWER,CURRENT_DRAW,2.97,DRIVE
1408,POWER,MOTOR_CMD_START,1.0,DRIVE
1409,MOBILITY,WHEEL_RPM,59.66,DRIVE
1410,POWER,CURRENT_DRAW,3.56,DRIVE
1411,POWER,MOTOR_CMD_STOP,1.0,DRIVE
1412,THERMAL,TEMP_INSTRUMENT,22.35,STANDBY
1413,POWER,CURRENT_DRAW,0.42,STANDBY
1414,POWER,INSTRUMENT_PWR_ON,1.0,STANDBY
1415,THERMAL,TEMP_INSTRUMENT,24.16,SCIENCE
1416,POWER,INSTRUMENT_PWR_OFF,1.0,SCIENCE
1417,POWER,INSTRUMENT_PWR_ON,1.0,STANDBY
1418,SCIENCE,SPECTROMETER_READ,108.5,SCIENCE
1419,POWER,INSTRUMENT_PWR_ON,1.0,SCIENCE
1420,POWER,CURRENT_DRAW,1.49,SCIENCE
1421,POWER,CURRENT_DRAW,1.41,SCIENCE
1422,THERMAL,TEMP_INSTRUMENT,23.03,SCIENCE
1423,POWER,INSTRUMENT_PWR_OFF,1.0,SCIENCE
1424,POWER,MOTOR_CMD_START,1.0,STANDBY
1425,POWER,CURRENT_DRAW,3.79,DRIVE
1426,MOBILITY,WHEEL_RPM,67.82,DRIVE
1427,MOBILITY,WHEEL_RPM,60.96,DRIVE
1428,POWER,CURRENT_DRAW,3.32,DRIVE
1429,POWER,CURRENT_DRAW,2.8,DRIVE
1430,THERMAL,TEMP_MOTOR,47.97,DRIVE
1431,POWER,CURRENT_DRAW,3.18,DRIVE
1432,POWER,MOTOR_CMD_STOP,1.0,DRIVE
1433,POWER,CURRENT_DRAW,0.45,STANDBY
1434,POWER,INSTRUMENT_PWR_ON,1.0,STANDBY
1435,POWER,INSTRUMENT_PWR_OFF,1.0,SCIENCE
1436,THERMAL,TEMP_INSTRUMENT,18.71,STANDBY
1437,THERMAL,TEMP_INSTRUMENT,17.84,STANDBY
1438,THERMAL,TEMP_INSTRUMENT,24.51,STANDBY
1439,POWER,CURRENT_DRAW,0.58,STANDBY
1440,POWER,MOTOR_CMD_START,1.0,STANDBY
1441,POWER,CURRENT_DRAW,2.51,DRIVE
1442,POWER,MOTOR_CMD_START,1.0,DRIVE
1443,POWER,CURRENT_DRAW,3.5,STANDBY
1444,THERMAL,TEMP_INSTRUMENT,20.68,STANDBY
1445,POWER,INSTRUMENT_PWR_ON,1.0,STANDBY
1446,THERMAL,TEMP_INSTRUMENT,25.65,SCIENCE
1447,POWER,INSTRUMENT_PWR_OFF,1.0,SCIENCE
1448,POWER,MOTOR_CMD_START,1.0,STANDBY
1449,MOBILITY,WHEEL_RPM,58.82,DRIVE
1450,POWER,MOTOR_CMD_STOP,1.0,DRIVE
1451,THERMAL,TEMP_INSTRUMENT,22.01,STANDBY
1452,POWER,MOTOR_CMD_START,1.0,STANDBY
1453,THERMAL,TEMP_MOTOR,42.45,DRIVE
1454,THERMAL,TEMP_MOTOR,47.45,DRIVE
1455,POWER,CURRENT_DRAW,3.5,STANDBY
1456,POWER,CURRENT_DRAW,0.49,STANDBY
1457,POWER,INSTRUMENT_PWR_ON,1.0,STANDBY
1458,POWER,INSTRUMENT_PWR_ON,1.0,SCIENCE
1459,SCIENCE,SPECTROMETER_READ,199.41,SCIENCE
1460,SCIENCE,SPECTROMETER_READ,168.6,SCIENCE
1461,POWER,INSTRUMENT_PWR_OFF,1.0,SCIENCE
1462,THERMAL,TEMP_MOTOR,21.23,STANDBY
1463,THERMAL,TEMP_MOTOR,24.12,STANDBY
1464,POWER,MOTOR_CMD_START,1.0,STANDBY
1465,MOBILITY,WHEEL_RPM,59.65,DRIVE
1466,POWER,CURRENT_DRAW,3.42,DRIVE
1467,MOBILITY,WHEEL_RPM,68.59,DRIVE
1468,MOBILITY,WHEEL_RPM,63.95,DRIVE
1469,POWER,MOTOR_CMD_STOP,1.0,DRIVE
1470,POWER,CURRENT_DRAW,0.54,STANDBY
1471,THERMAL,TEMP_MOTOR,20.88,STANDBY
1472,THERMAL,TEMP_MOTOR,28.54,STANDBY
1473,THERMAL,TEMP_MOTOR,29.89,STANDBY
1474,POWER,INSTRUMENT_PWR_ON,1.0,STANDBY
1475,POWER,INSTRUMENT_PWR_OFF,1.0,SCIENCE
1476,POWER,CURRENT_DRAW,0.56,STANDBY
1477,POWER,INSTRUMENT_PWR_ON,1.0,STANDBY
1478,POWER,CURRENT_DRAW,1.09,SCIENCE
1479,POWER,CURRENT_DRAW,1.12,SCIENCE
1480,POWER,CURRENT_DRAW,1.13,SCIENCE
1481,SCIENCE,SPECTROMETER_READ,194.75,SCIENCE
1482,SCIENCE,SPECTROMETER_READ,136.04,SCIENCE
1483,SCIENCE,SPECTROMETER_READ,153.82,SCIENCE
1484,POWER,CURRENT_DRAW,1.2,SCIENCE
1485,POWER,INSTRUMENT_PWR_OFF,1.0,SCIENCE
1486,THERMAL,TEMP_MOTOR,25.35,STANDBY
1487,POWER,INSTRUMENT_PWR_ON,1.0,STANDBY
1488,SCIENCE,SPECTROMETER_READ,174.22,SCIENCE
1489,THERMAL,TEMP_INSTRUMENT,20.45,SCIENCE
1490,THERMAL,TEMP_INSTRUMENT,23.37,SCIENCE
1491,SCIENCE,SPECTROMETER_READ,164.74,SCIENCE
1492,THERMAL,TEMP_INSTRUMENT,24.21,SCIENCE
1493,POWER,INSTRUMENT_PWR_ON,1.0,SCIENCE
1494,POWER,CURRENT_DRAW,1.1,SCIENCE
1495,POWER,INSTRUMENT_PWR_ON,1.0,SCIENCE
1496,THERMAL,TEMP_INSTRUMENT,27.0,SCIENCE
1497,POWER,CURRENT_DRAW,1.19,SCIENCE
1498,SCIENCE,SPECTROMETER_READ,146.84,SCIENCE
1499,SCIENCE,SPECTROMETER_READ,152.75,SCIENCE
